{"acc": 0.6962548926569545, "loss": 0.3051855499382394, "_timestamp": 1715786325.089382, "_runtime": 7.231942892074585, "_step": 7, "_wandb": {"runtime": 6}}