{"acc": 0.8107219791510576, "loss": 0.1592029630242158, "_timestamp": 1715789380.606143, "_runtime": 12.253338098526001, "_step": 7, "_wandb": {"runtime": 11}}